[
    {
        "test_case": "EXIST2025",
        "id": "320001",
        "value": "NO"
    },
    {
        "test_case": "EXIST2025",
        "id": "320002",
        "value": "YES"
    },
    {
        "test_case": "EXIST2025",
        "id": "320003",
        "value": "YES"
    },
    {
        "test_case": "EXIST2025",
        "id": "320004",
        "value": "YES"
    },
    {
        "test_case": "EXIST2025",
        "id": "320005",
        "value": "YES"
    },
    {
        "test_case": "EXIST2025",
        "id": "320006",
        "value": "NO"
    },
    {
        "test_case": "EXIST2025",
        "id": "320007",
        "value": "YES"
    },
    {
        "test_case": "EXIST2025",
        "id": "320008",
        "value": "NO"
    },
    {
        "test_case": "EXIST2025",
        "id": "320009",
        "value": "YES"
    },
    {
        "test_case": "EXIST2025",
        "id": "320010",
        "value": "YES"
    },
    {
        "test_case": "EXIST2025",
        "id": "320011",
        "value": "NO"
    },
    {
        "test_case": "EXIST2025",
        "id": "320012",
        "value": "YES"
    },
    {
        "test_case": "EXIST2025",
        "id": "320013",
        "value": "YES"
    },
    {
        "test_case": "EXIST2025",
        "id": "320014",
        "value": "YES"
    },
    {
        "test_case": "EXIST2025",
        "id": "320015",
        "value": "NO"
    },
    {
        "test_case": "EXIST2025",
        "id": "320016",
        "value": "YES"
    },
    {
        "test_case": "EXIST2025",
        "id": "320017",
        "value": "YES"
    },
    {
        "test_case": "EXIST2025",
        "id": "320018",
        "value": "YES"
    },
    {
        "test_case": "EXIST2025",
        "id": "320019",
        "value": "NO"
    },
    {
        "test_case": "EXIST2025",
        "id": "320020",
        "value": "NO"
    },
    {
        "test_case": "EXIST2025",
        "id": "320021",
        "value": "YES"
    },
    {
        "test_case": "EXIST2025",
        "id": "320022",
        "value": "NO"
    },
    {
        "test_case": "EXIST2025",
        "id": "320023",
        "value": "NO"
    },
    {
        "test_case": "EXIST2025",
        "id": "320024",
        "value": "YES"
    },
    {
        "test_case": "EXIST2025",
        "id": "320025",
        "value": "NO"
    },
    {
        "test_case": "EXIST2025",
        "id": "320026",
        "value": "YES"
    },
    {
        "test_case": "EXIST2025",
        "id": "320027",
        "value": "YES"
    },
    {
        "test_case": "EXIST2025",
        "id": "320028",
        "value": "YES"
    },
    {
        "test_case": "EXIST2025",
        "id": "320029",
        "value": "NO"
    },
    {
        "test_case": "EXIST2025",
        "id": "320030",
        "value": "YES"
    },
    {
        "test_case": "EXIST2025",
        "id": "320031",
        "value": "YES"
    },
    {
        "test_case": "EXIST2025",
        "id": "320032",
        "value": "YES"
    },
    {
        "test_case": "EXIST2025",
        "id": "320033",
        "value": "YES"
    },
    {
        "test_case": "EXIST2025",
        "id": "320034",
        "value": "YES"
    },
    {
        "test_case": "EXIST2025",
        "id": "320035",
        "value": "NO"
    },
    {
        "test_case": "EXIST2025",
        "id": "320036",
        "value": "NO"
    },
    {
        "test_case": "EXIST2025",
        "id": "320037",
        "value": "YES"
    },
    {
        "test_case": "EXIST2025",
        "id": "320038",
        "value": "NO"
    },
    {
        "test_case": "EXIST2025",
        "id": "320039",
        "value": "NO"
    },
    {
        "test_case": "EXIST2025",
        "id": "320040",
        "value": "YES"
    },
    {
        "test_case": "EXIST2025",
        "id": "320041",
        "value": "YES"
    },
    {
        "test_case": "EXIST2025",
        "id": "320042",
        "value": "YES"
    },
    {
        "test_case": "EXIST2025",
        "id": "320043",
        "value": "NO"
    },
    {
        "test_case": "EXIST2025",
        "id": "320044",
        "value": "YES"
    },
    {
        "test_case": "EXIST2025",
        "id": "320045",
        "value": "YES"
    },
    {
        "test_case": "EXIST2025",
        "id": "320046",
        "value": "YES"
    },
    {
        "test_case": "EXIST2025",
        "id": "320047",
        "value": "YES"
    },
    {
        "test_case": "EXIST2025",
        "id": "320048",
        "value": "NO"
    },
    {
        "test_case": "EXIST2025",
        "id": "320049",
        "value": "NO"
    },
    {
        "test_case": "EXIST2025",
        "id": "320050",
        "value": "YES"
    },
    {
        "test_case": "EXIST2025",
        "id": "320051",
        "value": "NO"
    },
    {
        "test_case": "EXIST2025",
        "id": "320052",
        "value": "NO"
    },
    {
        "test_case": "EXIST2025",
        "id": "320053",
        "value": "NO"
    },
    {
        "test_case": "EXIST2025",
        "id": "320054",
        "value": "YES"
    },
    {
        "test_case": "EXIST2025",
        "id": "320055",
        "value": "YES"
    },
    {
        "test_case": "EXIST2025",
        "id": "320056",
        "value": "YES"
    },
    {
        "test_case": "EXIST2025",
        "id": "320057",
        "value": "YES"
    },
    {
        "test_case": "EXIST2025",
        "id": "320058",
        "value": "NO"
    },
    {
        "test_case": "EXIST2025",
        "id": "320059",
        "value": "YES"
    },
    {
        "test_case": "EXIST2025",
        "id": "320060",
        "value": "YES"
    },
    {
        "test_case": "EXIST2025",
        "id": "320061",
        "value": "YES"
    },
    {
        "test_case": "EXIST2025",
        "id": "320062",
        "value": "NO"
    },
    {
        "test_case": "EXIST2025",
        "id": "320063",
        "value": "YES"
    },
    {
        "test_case": "EXIST2025",
        "id": "320064",
        "value": "YES"
    },
    {
        "test_case": "EXIST2025",
        "id": "320065",
        "value": "YES"
    },
    {
        "test_case": "EXIST2025",
        "id": "320066",
        "value": "NO"
    },
    {
        "test_case": "EXIST2025",
        "id": "320067",
        "value": "YES"
    },
    {
        "test_case": "EXIST2025",
        "id": "320068",
        "value": "YES"
    },
    {
        "test_case": "EXIST2025",
        "id": "320069",
        "value": "YES"
    },
    {
        "test_case": "EXIST2025",
        "id": "320070",
        "value": "NO"
    },
    {
        "test_case": "EXIST2025",
        "id": "320071",
        "value": "YES"
    },
    {
        "test_case": "EXIST2025",
        "id": "320072",
        "value": "NO"
    },
    {
        "test_case": "EXIST2025",
        "id": "320073",
        "value": "YES"
    },
    {
        "test_case": "EXIST2025",
        "id": "320074",
        "value": "NO"
    },
    {
        "test_case": "EXIST2025",
        "id": "320075",
        "value": "YES"
    },
    {
        "test_case": "EXIST2025",
        "id": "320076",
        "value": "YES"
    },
    {
        "test_case": "EXIST2025",
        "id": "320077",
        "value": "NO"
    },
    {
        "test_case": "EXIST2025",
        "id": "320078",
        "value": "YES"
    },
    {
        "test_case": "EXIST2025",
        "id": "320079",
        "value": "YES"
    },
    {
        "test_case": "EXIST2025",
        "id": "320080",
        "value": "NO"
    },
    {
        "test_case": "EXIST2025",
        "id": "320081",
        "value": "YES"
    },
    {
        "test_case": "EXIST2025",
        "id": "320082",
        "value": "NO"
    },
    {
        "test_case": "EXIST2025",
        "id": "320083",
        "value": "YES"
    },
    {
        "test_case": "EXIST2025",
        "id": "320084",
        "value": "YES"
    },
    {
        "test_case": "EXIST2025",
        "id": "320085",
        "value": "YES"
    },
    {
        "test_case": "EXIST2025",
        "id": "320086",
        "value": "YES"
    },
    {
        "test_case": "EXIST2025",
        "id": "320087",
        "value": "YES"
    },
    {
        "test_case": "EXIST2025",
        "id": "320088",
        "value": "YES"
    },
    {
        "test_case": "EXIST2025",
        "id": "320089",
        "value": "YES"
    },
    {
        "test_case": "EXIST2025",
        "id": "320090",
        "value": "YES"
    },
    {
        "test_case": "EXIST2025",
        "id": "320091",
        "value": "YES"
    },
    {
        "test_case": "EXIST2025",
        "id": "320092",
        "value": "YES"
    },
    {
        "test_case": "EXIST2025",
        "id": "320093",
        "value": "YES"
    },
    {
        "test_case": "EXIST2025",
        "id": "320094",
        "value": "NO"
    },
    {
        "test_case": "EXIST2025",
        "id": "320095",
        "value": "NO"
    },
    {
        "test_case": "EXIST2025",
        "id": "320096",
        "value": "NO"
    },
    {
        "test_case": "EXIST2025",
        "id": "320097",
        "value": "NO"
    },
    {
        "test_case": "EXIST2025",
        "id": "320098",
        "value": "NO"
    },
    {
        "test_case": "EXIST2025",
        "id": "320099",
        "value": "YES"
    },
    {
        "test_case": "EXIST2025",
        "id": "320100",
        "value": "NO"
    },
    {
        "test_case": "EXIST2025",
        "id": "320101",
        "value": "YES"
    },
    {
        "test_case": "EXIST2025",
        "id": "320102",
        "value": "NO"
    },
    {
        "test_case": "EXIST2025",
        "id": "320103",
        "value": "YES"
    },
    {
        "test_case": "EXIST2025",
        "id": "320104",
        "value": "NO"
    },
    {
        "test_case": "EXIST2025",
        "id": "320105",
        "value": "NO"
    },
    {
        "test_case": "EXIST2025",
        "id": "320106",
        "value": "YES"
    },
    {
        "test_case": "EXIST2025",
        "id": "320107",
        "value": "YES"
    },
    {
        "test_case": "EXIST2025",
        "id": "320108",
        "value": "NO"
    },
    {
        "test_case": "EXIST2025",
        "id": "320109",
        "value": "NO"
    },
    {
        "test_case": "EXIST2025",
        "id": "320110",
        "value": "YES"
    },
    {
        "test_case": "EXIST2025",
        "id": "320111",
        "value": "NO"
    },
    {
        "test_case": "EXIST2025",
        "id": "320112",
        "value": "YES"
    },
    {
        "test_case": "EXIST2025",
        "id": "320113",
        "value": "NO"
    },
    {
        "test_case": "EXIST2025",
        "id": "320114",
        "value": "NO"
    },
    {
        "test_case": "EXIST2025",
        "id": "320115",
        "value": "YES"
    },
    {
        "test_case": "EXIST2025",
        "id": "320116",
        "value": "NO"
    },
    {
        "test_case": "EXIST2025",
        "id": "320117",
        "value": "YES"
    },
    {
        "test_case": "EXIST2025",
        "id": "320118",
        "value": "YES"
    },
    {
        "test_case": "EXIST2025",
        "id": "320119",
        "value": "NO"
    },
    {
        "test_case": "EXIST2025",
        "id": "320120",
        "value": "YES"
    },
    {
        "test_case": "EXIST2025",
        "id": "320121",
        "value": "YES"
    },
    {
        "test_case": "EXIST2025",
        "id": "320122",
        "value": "NO"
    },
    {
        "test_case": "EXIST2025",
        "id": "320123",
        "value": "YES"
    },
    {
        "test_case": "EXIST2025",
        "id": "320124",
        "value": "YES"
    },
    {
        "test_case": "EXIST2025",
        "id": "320125",
        "value": "NO"
    },
    {
        "test_case": "EXIST2025",
        "id": "320126",
        "value": "NO"
    },
    {
        "test_case": "EXIST2025",
        "id": "320127",
        "value": "YES"
    },
    {
        "test_case": "EXIST2025",
        "id": "320128",
        "value": "YES"
    },
    {
        "test_case": "EXIST2025",
        "id": "320129",
        "value": "YES"
    },
    {
        "test_case": "EXIST2025",
        "id": "320130",
        "value": "NO"
    },
    {
        "test_case": "EXIST2025",
        "id": "320131",
        "value": "NO"
    },
    {
        "test_case": "EXIST2025",
        "id": "320132",
        "value": "YES"
    },
    {
        "test_case": "EXIST2025",
        "id": "320133",
        "value": "NO"
    },
    {
        "test_case": "EXIST2025",
        "id": "320134",
        "value": "NO"
    },
    {
        "test_case": "EXIST2025",
        "id": "320135",
        "value": "NO"
    },
    {
        "test_case": "EXIST2025",
        "id": "320136",
        "value": "NO"
    },
    {
        "test_case": "EXIST2025",
        "id": "320137",
        "value": "NO"
    },
    {
        "test_case": "EXIST2025",
        "id": "320138",
        "value": "NO"
    },
    {
        "test_case": "EXIST2025",
        "id": "320139",
        "value": "YES"
    },
    {
        "test_case": "EXIST2025",
        "id": "320140",
        "value": "YES"
    },
    {
        "test_case": "EXIST2025",
        "id": "320141",
        "value": "NO"
    },
    {
        "test_case": "EXIST2025",
        "id": "320142",
        "value": "NO"
    },
    {
        "test_case": "EXIST2025",
        "id": "320143",
        "value": "NO"
    },
    {
        "test_case": "EXIST2025",
        "id": "320144",
        "value": "NO"
    },
    {
        "test_case": "EXIST2025",
        "id": "320145",
        "value": "NO"
    },
    {
        "test_case": "EXIST2025",
        "id": "320146",
        "value": "NO"
    },
    {
        "test_case": "EXIST2025",
        "id": "320147",
        "value": "NO"
    },
    {
        "test_case": "EXIST2025",
        "id": "320148",
        "value": "NO"
    },
    {
        "test_case": "EXIST2025",
        "id": "320149",
        "value": "NO"
    },
    {
        "test_case": "EXIST2025",
        "id": "320150",
        "value": "NO"
    },
    {
        "test_case": "EXIST2025",
        "id": "320151",
        "value": "NO"
    },
    {
        "test_case": "EXIST2025",
        "id": "320152",
        "value": "YES"
    },
    {
        "test_case": "EXIST2025",
        "id": "320153",
        "value": "YES"
    },
    {
        "test_case": "EXIST2025",
        "id": "320154",
        "value": "YES"
    },
    {
        "test_case": "EXIST2025",
        "id": "320155",
        "value": "YES"
    },
    {
        "test_case": "EXIST2025",
        "id": "320156",
        "value": "NO"
    },
    {
        "test_case": "EXIST2025",
        "id": "320157",
        "value": "NO"
    },
    {
        "test_case": "EXIST2025",
        "id": "320158",
        "value": "NO"
    },
    {
        "test_case": "EXIST2025",
        "id": "320159",
        "value": "YES"
    },
    {
        "test_case": "EXIST2025",
        "id": "320160",
        "value": "YES"
    },
    {
        "test_case": "EXIST2025",
        "id": "320161",
        "value": "YES"
    },
    {
        "test_case": "EXIST2025",
        "id": "320162",
        "value": "NO"
    },
    {
        "test_case": "EXIST2025",
        "id": "320163",
        "value": "NO"
    },
    {
        "test_case": "EXIST2025",
        "id": "320164",
        "value": "NO"
    },
    {
        "test_case": "EXIST2025",
        "id": "320165",
        "value": "YES"
    },
    {
        "test_case": "EXIST2025",
        "id": "320166",
        "value": "YES"
    },
    {
        "test_case": "EXIST2025",
        "id": "320167",
        "value": "YES"
    },
    {
        "test_case": "EXIST2025",
        "id": "320168",
        "value": "YES"
    },
    {
        "test_case": "EXIST2025",
        "id": "320169",
        "value": "YES"
    },
    {
        "test_case": "EXIST2025",
        "id": "320170",
        "value": "NO"
    },
    {
        "test_case": "EXIST2025",
        "id": "320171",
        "value": "NO"
    },
    {
        "test_case": "EXIST2025",
        "id": "320172",
        "value": "NO"
    },
    {
        "test_case": "EXIST2025",
        "id": "320173",
        "value": "NO"
    },
    {
        "test_case": "EXIST2025",
        "id": "320174",
        "value": "NO"
    },
    {
        "test_case": "EXIST2025",
        "id": "320175",
        "value": "YES"
    },
    {
        "test_case": "EXIST2025",
        "id": "320176",
        "value": "NO"
    },
    {
        "test_case": "EXIST2025",
        "id": "320177",
        "value": "NO"
    },
    {
        "test_case": "EXIST2025",
        "id": "320178",
        "value": "NO"
    },
    {
        "test_case": "EXIST2025",
        "id": "320179",
        "value": "NO"
    },
    {
        "test_case": "EXIST2025",
        "id": "320180",
        "value": "NO"
    },
    {
        "test_case": "EXIST2025",
        "id": "320181",
        "value": "YES"
    },
    {
        "test_case": "EXIST2025",
        "id": "320182",
        "value": "YES"
    },
    {
        "test_case": "EXIST2025",
        "id": "320183",
        "value": "YES"
    },
    {
        "test_case": "EXIST2025",
        "id": "320184",
        "value": "YES"
    },
    {
        "test_case": "EXIST2025",
        "id": "320185",
        "value": "NO"
    },
    {
        "test_case": "EXIST2025",
        "id": "320186",
        "value": "YES"
    },
    {
        "test_case": "EXIST2025",
        "id": "320187",
        "value": "NO"
    },
    {
        "test_case": "EXIST2025",
        "id": "320188",
        "value": "YES"
    },
    {
        "test_case": "EXIST2025",
        "id": "320189",
        "value": "NO"
    },
    {
        "test_case": "EXIST2025",
        "id": "320190",
        "value": "NO"
    },
    {
        "test_case": "EXIST2025",
        "id": "320191",
        "value": "YES"
    },
    {
        "test_case": "EXIST2025",
        "id": "320192",
        "value": "NO"
    },
    {
        "test_case": "EXIST2025",
        "id": "320193",
        "value": "NO"
    },
    {
        "test_case": "EXIST2025",
        "id": "320194",
        "value": "YES"
    },
    {
        "test_case": "EXIST2025",
        "id": "320195",
        "value": "YES"
    },
    {
        "test_case": "EXIST2025",
        "id": "320196",
        "value": "NO"
    },
    {
        "test_case": "EXIST2025",
        "id": "320197",
        "value": "YES"
    },
    {
        "test_case": "EXIST2025",
        "id": "320198",
        "value": "YES"
    },
    {
        "test_case": "EXIST2025",
        "id": "320199",
        "value": "NO"
    },
    {
        "test_case": "EXIST2025",
        "id": "320200",
        "value": "NO"
    },
    {
        "test_case": "EXIST2025",
        "id": "320201",
        "value": "YES"
    },
    {
        "test_case": "EXIST2025",
        "id": "320202",
        "value": "YES"
    },
    {
        "test_case": "EXIST2025",
        "id": "320203",
        "value": "NO"
    },
    {
        "test_case": "EXIST2025",
        "id": "320204",
        "value": "NO"
    },
    {
        "test_case": "EXIST2025",
        "id": "320205",
        "value": "YES"
    },
    {
        "test_case": "EXIST2025",
        "id": "320206",
        "value": "NO"
    },
    {
        "test_case": "EXIST2025",
        "id": "320207",
        "value": "NO"
    },
    {
        "test_case": "EXIST2025",
        "id": "320208",
        "value": "YES"
    },
    {
        "test_case": "EXIST2025",
        "id": "320209",
        "value": "YES"
    },
    {
        "test_case": "EXIST2025",
        "id": "320210",
        "value": "NO"
    },
    {
        "test_case": "EXIST2025",
        "id": "320211",
        "value": "NO"
    },
    {
        "test_case": "EXIST2025",
        "id": "320212",
        "value": "YES"
    },
    {
        "test_case": "EXIST2025",
        "id": "320213",
        "value": "NO"
    },
    {
        "test_case": "EXIST2025",
        "id": "320214",
        "value": "NO"
    },
    {
        "test_case": "EXIST2025",
        "id": "320215",
        "value": "YES"
    },
    {
        "test_case": "EXIST2025",
        "id": "320216",
        "value": "YES"
    },
    {
        "test_case": "EXIST2025",
        "id": "320217",
        "value": "NO"
    },
    {
        "test_case": "EXIST2025",
        "id": "320218",
        "value": "YES"
    },
    {
        "test_case": "EXIST2025",
        "id": "320219",
        "value": "NO"
    },
    {
        "test_case": "EXIST2025",
        "id": "320220",
        "value": "YES"
    },
    {
        "test_case": "EXIST2025",
        "id": "320221",
        "value": "NO"
    },
    {
        "test_case": "EXIST2025",
        "id": "320222",
        "value": "NO"
    },
    {
        "test_case": "EXIST2025",
        "id": "320223",
        "value": "YES"
    },
    {
        "test_case": "EXIST2025",
        "id": "320224",
        "value": "YES"
    },
    {
        "test_case": "EXIST2025",
        "id": "320225",
        "value": "YES"
    },
    {
        "test_case": "EXIST2025",
        "id": "320226",
        "value": "YES"
    },
    {
        "test_case": "EXIST2025",
        "id": "320227",
        "value": "NO"
    },
    {
        "test_case": "EXIST2025",
        "id": "320228",
        "value": "NO"
    },
    {
        "test_case": "EXIST2025",
        "id": "320229",
        "value": "YES"
    },
    {
        "test_case": "EXIST2025",
        "id": "320230",
        "value": "YES"
    },
    {
        "test_case": "EXIST2025",
        "id": "320231",
        "value": "YES"
    },
    {
        "test_case": "EXIST2025",
        "id": "320232",
        "value": "YES"
    },
    {
        "test_case": "EXIST2025",
        "id": "320233",
        "value": "NO"
    },
    {
        "test_case": "EXIST2025",
        "id": "320234",
        "value": "YES"
    },
    {
        "test_case": "EXIST2025",
        "id": "320235",
        "value": "NO"
    },
    {
        "test_case": "EXIST2025",
        "id": "320236",
        "value": "NO"
    },
    {
        "test_case": "EXIST2025",
        "id": "320237",
        "value": "YES"
    },
    {
        "test_case": "EXIST2025",
        "id": "320238",
        "value": "YES"
    },
    {
        "test_case": "EXIST2025",
        "id": "320239",
        "value": "YES"
    },
    {
        "test_case": "EXIST2025",
        "id": "320240",
        "value": "NO"
    },
    {
        "test_case": "EXIST2025",
        "id": "320241",
        "value": "YES"
    },
    {
        "test_case": "EXIST2025",
        "id": "320242",
        "value": "YES"
    },
    {
        "test_case": "EXIST2025",
        "id": "320243",
        "value": "NO"
    },
    {
        "test_case": "EXIST2025",
        "id": "320244",
        "value": "YES"
    },
    {
        "test_case": "EXIST2025",
        "id": "320245",
        "value": "YES"
    },
    {
        "test_case": "EXIST2025",
        "id": "320246",
        "value": "YES"
    },
    {
        "test_case": "EXIST2025",
        "id": "320247",
        "value": "NO"
    },
    {
        "test_case": "EXIST2025",
        "id": "320248",
        "value": "YES"
    },
    {
        "test_case": "EXIST2025",
        "id": "320249",
        "value": "NO"
    },
    {
        "test_case": "EXIST2025",
        "id": "320250",
        "value": "NO"
    },
    {
        "test_case": "EXIST2025",
        "id": "320251",
        "value": "NO"
    },
    {
        "test_case": "EXIST2025",
        "id": "320252",
        "value": "NO"
    },
    {
        "test_case": "EXIST2025",
        "id": "320253",
        "value": "NO"
    },
    {
        "test_case": "EXIST2025",
        "id": "320254",
        "value": "NO"
    },
    {
        "test_case": "EXIST2025",
        "id": "320255",
        "value": "YES"
    },
    {
        "test_case": "EXIST2025",
        "id": "320256",
        "value": "YES"
    },
    {
        "test_case": "EXIST2025",
        "id": "320257",
        "value": "NO"
    },
    {
        "test_case": "EXIST2025",
        "id": "320258",
        "value": "YES"
    },
    {
        "test_case": "EXIST2025",
        "id": "320259",
        "value": "YES"
    },
    {
        "test_case": "EXIST2025",
        "id": "320260",
        "value": "YES"
    },
    {
        "test_case": "EXIST2025",
        "id": "320261",
        "value": "NO"
    },
    {
        "test_case": "EXIST2025",
        "id": "320262",
        "value": "YES"
    },
    {
        "test_case": "EXIST2025",
        "id": "320263",
        "value": "NO"
    },
    {
        "test_case": "EXIST2025",
        "id": "320264",
        "value": "NO"
    },
    {
        "test_case": "EXIST2025",
        "id": "320265",
        "value": "YES"
    },
    {
        "test_case": "EXIST2025",
        "id": "320266",
        "value": "NO"
    },
    {
        "test_case": "EXIST2025",
        "id": "320267",
        "value": "YES"
    },
    {
        "test_case": "EXIST2025",
        "id": "320268",
        "value": "YES"
    },
    {
        "test_case": "EXIST2025",
        "id": "320269",
        "value": "YES"
    },
    {
        "test_case": "EXIST2025",
        "id": "320270",
        "value": "NO"
    },
    {
        "test_case": "EXIST2025",
        "id": "320271",
        "value": "YES"
    },
    {
        "test_case": "EXIST2025",
        "id": "320272",
        "value": "YES"
    },
    {
        "test_case": "EXIST2025",
        "id": "320273",
        "value": "YES"
    },
    {
        "test_case": "EXIST2025",
        "id": "320274",
        "value": "NO"
    },
    {
        "test_case": "EXIST2025",
        "id": "320275",
        "value": "YES"
    },
    {
        "test_case": "EXIST2025",
        "id": "320276",
        "value": "YES"
    },
    {
        "test_case": "EXIST2025",
        "id": "320277",
        "value": "NO"
    },
    {
        "test_case": "EXIST2025",
        "id": "320278",
        "value": "YES"
    },
    {
        "test_case": "EXIST2025",
        "id": "320279",
        "value": "YES"
    },
    {
        "test_case": "EXIST2025",
        "id": "320280",
        "value": "YES"
    },
    {
        "test_case": "EXIST2025",
        "id": "420001",
        "value": "NO"
    },
    {
        "test_case": "EXIST2025",
        "id": "420002",
        "value": "NO"
    },
    {
        "test_case": "EXIST2025",
        "id": "420003",
        "value": "NO"
    },
    {
        "test_case": "EXIST2025",
        "id": "420004",
        "value": "NO"
    },
    {
        "test_case": "EXIST2025",
        "id": "420005",
        "value": "NO"
    },
    {
        "test_case": "EXIST2025",
        "id": "420006",
        "value": "NO"
    },
    {
        "test_case": "EXIST2025",
        "id": "420007",
        "value": "NO"
    },
    {
        "test_case": "EXIST2025",
        "id": "420008",
        "value": "YES"
    },
    {
        "test_case": "EXIST2025",
        "id": "420009",
        "value": "YES"
    },
    {
        "test_case": "EXIST2025",
        "id": "420010",
        "value": "NO"
    },
    {
        "test_case": "EXIST2025",
        "id": "420011",
        "value": "YES"
    },
    {
        "test_case": "EXIST2025",
        "id": "420012",
        "value": "NO"
    },
    {
        "test_case": "EXIST2025",
        "id": "420013",
        "value": "YES"
    },
    {
        "test_case": "EXIST2025",
        "id": "420014",
        "value": "YES"
    },
    {
        "test_case": "EXIST2025",
        "id": "420015",
        "value": "YES"
    },
    {
        "test_case": "EXIST2025",
        "id": "420016",
        "value": "YES"
    },
    {
        "test_case": "EXIST2025",
        "id": "420017",
        "value": "YES"
    },
    {
        "test_case": "EXIST2025",
        "id": "420018",
        "value": "NO"
    },
    {
        "test_case": "EXIST2025",
        "id": "420019",
        "value": "NO"
    },
    {
        "test_case": "EXIST2025",
        "id": "420020",
        "value": "YES"
    },
    {
        "test_case": "EXIST2025",
        "id": "420021",
        "value": "NO"
    },
    {
        "test_case": "EXIST2025",
        "id": "420022",
        "value": "NO"
    },
    {
        "test_case": "EXIST2025",
        "id": "420023",
        "value": "YES"
    },
    {
        "test_case": "EXIST2025",
        "id": "420024",
        "value": "NO"
    },
    {
        "test_case": "EXIST2025",
        "id": "420025",
        "value": "YES"
    },
    {
        "test_case": "EXIST2025",
        "id": "420026",
        "value": "NO"
    },
    {
        "test_case": "EXIST2025",
        "id": "420027",
        "value": "NO"
    },
    {
        "test_case": "EXIST2025",
        "id": "420028",
        "value": "YES"
    },
    {
        "test_case": "EXIST2025",
        "id": "420029",
        "value": "NO"
    },
    {
        "test_case": "EXIST2025",
        "id": "420030",
        "value": "NO"
    },
    {
        "test_case": "EXIST2025",
        "id": "420031",
        "value": "YES"
    },
    {
        "test_case": "EXIST2025",
        "id": "420032",
        "value": "YES"
    },
    {
        "test_case": "EXIST2025",
        "id": "420033",
        "value": "NO"
    },
    {
        "test_case": "EXIST2025",
        "id": "420034",
        "value": "NO"
    },
    {
        "test_case": "EXIST2025",
        "id": "420035",
        "value": "YES"
    },
    {
        "test_case": "EXIST2025",
        "id": "420036",
        "value": "YES"
    },
    {
        "test_case": "EXIST2025",
        "id": "420037",
        "value": "YES"
    },
    {
        "test_case": "EXIST2025",
        "id": "420038",
        "value": "NO"
    },
    {
        "test_case": "EXIST2025",
        "id": "420039",
        "value": "YES"
    },
    {
        "test_case": "EXIST2025",
        "id": "420040",
        "value": "YES"
    },
    {
        "test_case": "EXIST2025",
        "id": "420041",
        "value": "YES"
    },
    {
        "test_case": "EXIST2025",
        "id": "420042",
        "value": "YES"
    },
    {
        "test_case": "EXIST2025",
        "id": "420043",
        "value": "YES"
    },
    {
        "test_case": "EXIST2025",
        "id": "420044",
        "value": "YES"
    },
    {
        "test_case": "EXIST2025",
        "id": "420045",
        "value": "NO"
    },
    {
        "test_case": "EXIST2025",
        "id": "420046",
        "value": "NO"
    },
    {
        "test_case": "EXIST2025",
        "id": "420047",
        "value": "YES"
    },
    {
        "test_case": "EXIST2025",
        "id": "420048",
        "value": "NO"
    },
    {
        "test_case": "EXIST2025",
        "id": "420049",
        "value": "YES"
    },
    {
        "test_case": "EXIST2025",
        "id": "420050",
        "value": "NO"
    },
    {
        "test_case": "EXIST2025",
        "id": "420051",
        "value": "YES"
    },
    {
        "test_case": "EXIST2025",
        "id": "420052",
        "value": "YES"
    },
    {
        "test_case": "EXIST2025",
        "id": "420053",
        "value": "NO"
    },
    {
        "test_case": "EXIST2025",
        "id": "420054",
        "value": "YES"
    },
    {
        "test_case": "EXIST2025",
        "id": "420055",
        "value": "NO"
    },
    {
        "test_case": "EXIST2025",
        "id": "420056",
        "value": "YES"
    },
    {
        "test_case": "EXIST2025",
        "id": "420057",
        "value": "NO"
    },
    {
        "test_case": "EXIST2025",
        "id": "420058",
        "value": "NO"
    },
    {
        "test_case": "EXIST2025",
        "id": "420059",
        "value": "YES"
    },
    {
        "test_case": "EXIST2025",
        "id": "420060",
        "value": "YES"
    },
    {
        "test_case": "EXIST2025",
        "id": "420061",
        "value": "YES"
    },
    {
        "test_case": "EXIST2025",
        "id": "420062",
        "value": "YES"
    },
    {
        "test_case": "EXIST2025",
        "id": "420063",
        "value": "YES"
    },
    {
        "test_case": "EXIST2025",
        "id": "420064",
        "value": "NO"
    },
    {
        "test_case": "EXIST2025",
        "id": "420065",
        "value": "NO"
    },
    {
        "test_case": "EXIST2025",
        "id": "420066",
        "value": "NO"
    },
    {
        "test_case": "EXIST2025",
        "id": "420067",
        "value": "NO"
    },
    {
        "test_case": "EXIST2025",
        "id": "420068",
        "value": "NO"
    },
    {
        "test_case": "EXIST2025",
        "id": "420069",
        "value": "YES"
    },
    {
        "test_case": "EXIST2025",
        "id": "420070",
        "value": "NO"
    },
    {
        "test_case": "EXIST2025",
        "id": "420071",
        "value": "NO"
    },
    {
        "test_case": "EXIST2025",
        "id": "420072",
        "value": "YES"
    },
    {
        "test_case": "EXIST2025",
        "id": "420073",
        "value": "NO"
    },
    {
        "test_case": "EXIST2025",
        "id": "420074",
        "value": "NO"
    },
    {
        "test_case": "EXIST2025",
        "id": "420075",
        "value": "NO"
    },
    {
        "test_case": "EXIST2025",
        "id": "420076",
        "value": "NO"
    },
    {
        "test_case": "EXIST2025",
        "id": "420077",
        "value": "NO"
    },
    {
        "test_case": "EXIST2025",
        "id": "420078",
        "value": "NO"
    },
    {
        "test_case": "EXIST2025",
        "id": "420079",
        "value": "YES"
    },
    {
        "test_case": "EXIST2025",
        "id": "420080",
        "value": "YES"
    },
    {
        "test_case": "EXIST2025",
        "id": "420081",
        "value": "YES"
    },
    {
        "test_case": "EXIST2025",
        "id": "420082",
        "value": "NO"
    },
    {
        "test_case": "EXIST2025",
        "id": "420083",
        "value": "NO"
    },
    {
        "test_case": "EXIST2025",
        "id": "420084",
        "value": "YES"
    },
    {
        "test_case": "EXIST2025",
        "id": "420085",
        "value": "NO"
    },
    {
        "test_case": "EXIST2025",
        "id": "420086",
        "value": "YES"
    },
    {
        "test_case": "EXIST2025",
        "id": "420087",
        "value": "YES"
    },
    {
        "test_case": "EXIST2025",
        "id": "420088",
        "value": "NO"
    },
    {
        "test_case": "EXIST2025",
        "id": "420089",
        "value": "YES"
    },
    {
        "test_case": "EXIST2025",
        "id": "420090",
        "value": "NO"
    },
    {
        "test_case": "EXIST2025",
        "id": "420091",
        "value": "YES"
    },
    {
        "test_case": "EXIST2025",
        "id": "420092",
        "value": "YES"
    },
    {
        "test_case": "EXIST2025",
        "id": "420093",
        "value": "NO"
    },
    {
        "test_case": "EXIST2025",
        "id": "420094",
        "value": "YES"
    },
    {
        "test_case": "EXIST2025",
        "id": "420095",
        "value": "YES"
    },
    {
        "test_case": "EXIST2025",
        "id": "420096",
        "value": "NO"
    },
    {
        "test_case": "EXIST2025",
        "id": "420097",
        "value": "YES"
    },
    {
        "test_case": "EXIST2025",
        "id": "420098",
        "value": "YES"
    },
    {
        "test_case": "EXIST2025",
        "id": "420099",
        "value": "NO"
    },
    {
        "test_case": "EXIST2025",
        "id": "420100",
        "value": "YES"
    },
    {
        "test_case": "EXIST2025",
        "id": "420101",
        "value": "NO"
    },
    {
        "test_case": "EXIST2025",
        "id": "420102",
        "value": "NO"
    },
    {
        "test_case": "EXIST2025",
        "id": "420103",
        "value": "YES"
    },
    {
        "test_case": "EXIST2025",
        "id": "420104",
        "value": "YES"
    },
    {
        "test_case": "EXIST2025",
        "id": "420105",
        "value": "YES"
    },
    {
        "test_case": "EXIST2025",
        "id": "420106",
        "value": "YES"
    },
    {
        "test_case": "EXIST2025",
        "id": "420107",
        "value": "YES"
    },
    {
        "test_case": "EXIST2025",
        "id": "420108",
        "value": "NO"
    },
    {
        "test_case": "EXIST2025",
        "id": "420109",
        "value": "NO"
    },
    {
        "test_case": "EXIST2025",
        "id": "420110",
        "value": "NO"
    },
    {
        "test_case": "EXIST2025",
        "id": "420111",
        "value": "YES"
    },
    {
        "test_case": "EXIST2025",
        "id": "420112",
        "value": "NO"
    },
    {
        "test_case": "EXIST2025",
        "id": "420113",
        "value": "NO"
    },
    {
        "test_case": "EXIST2025",
        "id": "420114",
        "value": "YES"
    },
    {
        "test_case": "EXIST2025",
        "id": "420115",
        "value": "YES"
    },
    {
        "test_case": "EXIST2025",
        "id": "420116",
        "value": "YES"
    },
    {
        "test_case": "EXIST2025",
        "id": "420117",
        "value": "YES"
    },
    {
        "test_case": "EXIST2025",
        "id": "420118",
        "value": "NO"
    },
    {
        "test_case": "EXIST2025",
        "id": "420119",
        "value": "YES"
    },
    {
        "test_case": "EXIST2025",
        "id": "420120",
        "value": "NO"
    },
    {
        "test_case": "EXIST2025",
        "id": "420121",
        "value": "YES"
    },
    {
        "test_case": "EXIST2025",
        "id": "420122",
        "value": "YES"
    },
    {
        "test_case": "EXIST2025",
        "id": "420123",
        "value": "NO"
    },
    {
        "test_case": "EXIST2025",
        "id": "420124",
        "value": "YES"
    },
    {
        "test_case": "EXIST2025",
        "id": "420125",
        "value": "YES"
    },
    {
        "test_case": "EXIST2025",
        "id": "420126",
        "value": "YES"
    },
    {
        "test_case": "EXIST2025",
        "id": "420127",
        "value": "YES"
    },
    {
        "test_case": "EXIST2025",
        "id": "420128",
        "value": "NO"
    },
    {
        "test_case": "EXIST2025",
        "id": "420129",
        "value": "NO"
    },
    {
        "test_case": "EXIST2025",
        "id": "420130",
        "value": "YES"
    },
    {
        "test_case": "EXIST2025",
        "id": "420131",
        "value": "YES"
    },
    {
        "test_case": "EXIST2025",
        "id": "420132",
        "value": "YES"
    },
    {
        "test_case": "EXIST2025",
        "id": "420133",
        "value": "YES"
    },
    {
        "test_case": "EXIST2025",
        "id": "420134",
        "value": "YES"
    },
    {
        "test_case": "EXIST2025",
        "id": "420135",
        "value": "YES"
    },
    {
        "test_case": "EXIST2025",
        "id": "420136",
        "value": "YES"
    },
    {
        "test_case": "EXIST2025",
        "id": "420137",
        "value": "NO"
    },
    {
        "test_case": "EXIST2025",
        "id": "420138",
        "value": "YES"
    },
    {
        "test_case": "EXIST2025",
        "id": "420139",
        "value": "NO"
    },
    {
        "test_case": "EXIST2025",
        "id": "420140",
        "value": "YES"
    },
    {
        "test_case": "EXIST2025",
        "id": "420141",
        "value": "NO"
    },
    {
        "test_case": "EXIST2025",
        "id": "420142",
        "value": "NO"
    },
    {
        "test_case": "EXIST2025",
        "id": "420143",
        "value": "YES"
    },
    {
        "test_case": "EXIST2025",
        "id": "420144",
        "value": "NO"
    },
    {
        "test_case": "EXIST2025",
        "id": "420145",
        "value": "YES"
    },
    {
        "test_case": "EXIST2025",
        "id": "420146",
        "value": "YES"
    },
    {
        "test_case": "EXIST2025",
        "id": "420147",
        "value": "YES"
    },
    {
        "test_case": "EXIST2025",
        "id": "420148",
        "value": "NO"
    },
    {
        "test_case": "EXIST2025",
        "id": "420149",
        "value": "NO"
    },
    {
        "test_case": "EXIST2025",
        "id": "420150",
        "value": "YES"
    },
    {
        "test_case": "EXIST2025",
        "id": "420151",
        "value": "YES"
    },
    {
        "test_case": "EXIST2025",
        "id": "420152",
        "value": "NO"
    },
    {
        "test_case": "EXIST2025",
        "id": "420153",
        "value": "NO"
    },
    {
        "test_case": "EXIST2025",
        "id": "420154",
        "value": "YES"
    },
    {
        "test_case": "EXIST2025",
        "id": "420155",
        "value": "NO"
    },
    {
        "test_case": "EXIST2025",
        "id": "420156",
        "value": "NO"
    },
    {
        "test_case": "EXIST2025",
        "id": "420157",
        "value": "YES"
    },
    {
        "test_case": "EXIST2025",
        "id": "420158",
        "value": "YES"
    },
    {
        "test_case": "EXIST2025",
        "id": "420159",
        "value": "YES"
    },
    {
        "test_case": "EXIST2025",
        "id": "420160",
        "value": "YES"
    },
    {
        "test_case": "EXIST2025",
        "id": "420161",
        "value": "NO"
    },
    {
        "test_case": "EXIST2025",
        "id": "420162",
        "value": "NO"
    },
    {
        "test_case": "EXIST2025",
        "id": "420163",
        "value": "NO"
    },
    {
        "test_case": "EXIST2025",
        "id": "420164",
        "value": "NO"
    },
    {
        "test_case": "EXIST2025",
        "id": "420165",
        "value": "NO"
    },
    {
        "test_case": "EXIST2025",
        "id": "420166",
        "value": "NO"
    },
    {
        "test_case": "EXIST2025",
        "id": "420167",
        "value": "YES"
    },
    {
        "test_case": "EXIST2025",
        "id": "420168",
        "value": "NO"
    },
    {
        "test_case": "EXIST2025",
        "id": "420169",
        "value": "NO"
    },
    {
        "test_case": "EXIST2025",
        "id": "420170",
        "value": "NO"
    },
    {
        "test_case": "EXIST2025",
        "id": "420171",
        "value": "NO"
    },
    {
        "test_case": "EXIST2025",
        "id": "420172",
        "value": "NO"
    },
    {
        "test_case": "EXIST2025",
        "id": "420173",
        "value": "NO"
    },
    {
        "test_case": "EXIST2025",
        "id": "420174",
        "value": "NO"
    },
    {
        "test_case": "EXIST2025",
        "id": "420175",
        "value": "NO"
    },
    {
        "test_case": "EXIST2025",
        "id": "420176",
        "value": "NO"
    },
    {
        "test_case": "EXIST2025",
        "id": "420177",
        "value": "NO"
    },
    {
        "test_case": "EXIST2025",
        "id": "420178",
        "value": "NO"
    },
    {
        "test_case": "EXIST2025",
        "id": "420179",
        "value": "YES"
    },
    {
        "test_case": "EXIST2025",
        "id": "420180",
        "value": "NO"
    },
    {
        "test_case": "EXIST2025",
        "id": "420181",
        "value": "YES"
    },
    {
        "test_case": "EXIST2025",
        "id": "420182",
        "value": "YES"
    },
    {
        "test_case": "EXIST2025",
        "id": "420183",
        "value": "NO"
    },
    {
        "test_case": "EXIST2025",
        "id": "420184",
        "value": "NO"
    },
    {
        "test_case": "EXIST2025",
        "id": "420185",
        "value": "NO"
    },
    {
        "test_case": "EXIST2025",
        "id": "420186",
        "value": "YES"
    },
    {
        "test_case": "EXIST2025",
        "id": "420187",
        "value": "NO"
    },
    {
        "test_case": "EXIST2025",
        "id": "420188",
        "value": "YES"
    },
    {
        "test_case": "EXIST2025",
        "id": "420189",
        "value": "NO"
    },
    {
        "test_case": "EXIST2025",
        "id": "420190",
        "value": "YES"
    },
    {
        "test_case": "EXIST2025",
        "id": "420191",
        "value": "NO"
    },
    {
        "test_case": "EXIST2025",
        "id": "420192",
        "value": "NO"
    },
    {
        "test_case": "EXIST2025",
        "id": "420193",
        "value": "NO"
    },
    {
        "test_case": "EXIST2025",
        "id": "420194",
        "value": "NO"
    },
    {
        "test_case": "EXIST2025",
        "id": "420195",
        "value": "NO"
    },
    {
        "test_case": "EXIST2025",
        "id": "420196",
        "value": "NO"
    },
    {
        "test_case": "EXIST2025",
        "id": "420197",
        "value": "NO"
    },
    {
        "test_case": "EXIST2025",
        "id": "420198",
        "value": "YES"
    },
    {
        "test_case": "EXIST2025",
        "id": "420199",
        "value": "YES"
    },
    {
        "test_case": "EXIST2025",
        "id": "420200",
        "value": "YES"
    },
    {
        "test_case": "EXIST2025",
        "id": "420201",
        "value": "YES"
    },
    {
        "test_case": "EXIST2025",
        "id": "420202",
        "value": "YES"
    },
    {
        "test_case": "EXIST2025",
        "id": "420203",
        "value": "YES"
    },
    {
        "test_case": "EXIST2025",
        "id": "420204",
        "value": "NO"
    },
    {
        "test_case": "EXIST2025",
        "id": "420205",
        "value": "YES"
    },
    {
        "test_case": "EXIST2025",
        "id": "420206",
        "value": "YES"
    },
    {
        "test_case": "EXIST2025",
        "id": "420207",
        "value": "YES"
    },
    {
        "test_case": "EXIST2025",
        "id": "420208",
        "value": "NO"
    },
    {
        "test_case": "EXIST2025",
        "id": "420209",
        "value": "YES"
    },
    {
        "test_case": "EXIST2025",
        "id": "420210",
        "value": "NO"
    },
    {
        "test_case": "EXIST2025",
        "id": "420211",
        "value": "NO"
    },
    {
        "test_case": "EXIST2025",
        "id": "420212",
        "value": "NO"
    },
    {
        "test_case": "EXIST2025",
        "id": "420213",
        "value": "NO"
    },
    {
        "test_case": "EXIST2025",
        "id": "420214",
        "value": "NO"
    },
    {
        "test_case": "EXIST2025",
        "id": "420215",
        "value": "YES"
    },
    {
        "test_case": "EXIST2025",
        "id": "420216",
        "value": "NO"
    },
    {
        "test_case": "EXIST2025",
        "id": "420217",
        "value": "NO"
    },
    {
        "test_case": "EXIST2025",
        "id": "420218",
        "value": "YES"
    },
    {
        "test_case": "EXIST2025",
        "id": "420219",
        "value": "NO"
    },
    {
        "test_case": "EXIST2025",
        "id": "420220",
        "value": "YES"
    },
    {
        "test_case": "EXIST2025",
        "id": "420221",
        "value": "YES"
    },
    {
        "test_case": "EXIST2025",
        "id": "420222",
        "value": "NO"
    },
    {
        "test_case": "EXIST2025",
        "id": "420223",
        "value": "YES"
    },
    {
        "test_case": "EXIST2025",
        "id": "420224",
        "value": "YES"
    },
    {
        "test_case": "EXIST2025",
        "id": "420225",
        "value": "YES"
    },
    {
        "test_case": "EXIST2025",
        "id": "420226",
        "value": "NO"
    },
    {
        "test_case": "EXIST2025",
        "id": "420227",
        "value": "YES"
    },
    {
        "test_case": "EXIST2025",
        "id": "420228",
        "value": "NO"
    },
    {
        "test_case": "EXIST2025",
        "id": "420229",
        "value": "NO"
    },
    {
        "test_case": "EXIST2025",
        "id": "420230",
        "value": "NO"
    },
    {
        "test_case": "EXIST2025",
        "id": "420231",
        "value": "NO"
    },
    {
        "test_case": "EXIST2025",
        "id": "420232",
        "value": "YES"
    },
    {
        "test_case": "EXIST2025",
        "id": "420233",
        "value": "YES"
    },
    {
        "test_case": "EXIST2025",
        "id": "420234",
        "value": "NO"
    },
    {
        "test_case": "EXIST2025",
        "id": "420235",
        "value": "NO"
    },
    {
        "test_case": "EXIST2025",
        "id": "420236",
        "value": "NO"
    },
    {
        "test_case": "EXIST2025",
        "id": "420237",
        "value": "YES"
    },
    {
        "test_case": "EXIST2025",
        "id": "420238",
        "value": "YES"
    },
    {
        "test_case": "EXIST2025",
        "id": "420239",
        "value": "NO"
    },
    {
        "test_case": "EXIST2025",
        "id": "420240",
        "value": "NO"
    },
    {
        "test_case": "EXIST2025",
        "id": "420241",
        "value": "YES"
    },
    {
        "test_case": "EXIST2025",
        "id": "420242",
        "value": "YES"
    },
    {
        "test_case": "EXIST2025",
        "id": "420243",
        "value": "NO"
    },
    {
        "test_case": "EXIST2025",
        "id": "420244",
        "value": "NO"
    },
    {
        "test_case": "EXIST2025",
        "id": "420245",
        "value": "YES"
    },
    {
        "test_case": "EXIST2025",
        "id": "420246",
        "value": "NO"
    },
    {
        "test_case": "EXIST2025",
        "id": "420247",
        "value": "YES"
    },
    {
        "test_case": "EXIST2025",
        "id": "420248",
        "value": "NO"
    },
    {
        "test_case": "EXIST2025",
        "id": "420249",
        "value": "NO"
    },
    {
        "test_case": "EXIST2025",
        "id": "420250",
        "value": "YES"
    },
    {
        "test_case": "EXIST2025",
        "id": "420251",
        "value": "NO"
    },
    {
        "test_case": "EXIST2025",
        "id": "420252",
        "value": "YES"
    },
    {
        "test_case": "EXIST2025",
        "id": "420253",
        "value": "YES"
    },
    {
        "test_case": "EXIST2025",
        "id": "420254",
        "value": "YES"
    },
    {
        "test_case": "EXIST2025",
        "id": "420255",
        "value": "YES"
    },
    {
        "test_case": "EXIST2025",
        "id": "420256",
        "value": "NO"
    },
    {
        "test_case": "EXIST2025",
        "id": "420257",
        "value": "NO"
    },
    {
        "test_case": "EXIST2025",
        "id": "420258",
        "value": "NO"
    },
    {
        "test_case": "EXIST2025",
        "id": "420259",
        "value": "NO"
    },
    {
        "test_case": "EXIST2025",
        "id": "420260",
        "value": "NO"
    },
    {
        "test_case": "EXIST2025",
        "id": "420261",
        "value": "YES"
    },
    {
        "test_case": "EXIST2025",
        "id": "420262",
        "value": "NO"
    },
    {
        "test_case": "EXIST2025",
        "id": "420263",
        "value": "NO"
    },
    {
        "test_case": "EXIST2025",
        "id": "420264",
        "value": "NO"
    },
    {
        "test_case": "EXIST2025",
        "id": "420265",
        "value": "YES"
    },
    {
        "test_case": "EXIST2025",
        "id": "420266",
        "value": "NO"
    },
    {
        "test_case": "EXIST2025",
        "id": "420267",
        "value": "YES"
    },
    {
        "test_case": "EXIST2025",
        "id": "420268",
        "value": "NO"
    },
    {
        "test_case": "EXIST2025",
        "id": "420269",
        "value": "NO"
    },
    {
        "test_case": "EXIST2025",
        "id": "420270",
        "value": "NO"
    },
    {
        "test_case": "EXIST2025",
        "id": "420271",
        "value": "YES"
    },
    {
        "test_case": "EXIST2025",
        "id": "420272",
        "value": "NO"
    },
    {
        "test_case": "EXIST2025",
        "id": "420273",
        "value": "YES"
    },
    {
        "test_case": "EXIST2025",
        "id": "420274",
        "value": "YES"
    },
    {
        "test_case": "EXIST2025",
        "id": "420275",
        "value": "YES"
    },
    {
        "test_case": "EXIST2025",
        "id": "420276",
        "value": "YES"
    },
    {
        "test_case": "EXIST2025",
        "id": "420277",
        "value": "NO"
    },
    {
        "test_case": "EXIST2025",
        "id": "420278",
        "value": "YES"
    },
    {
        "test_case": "EXIST2025",
        "id": "420279",
        "value": "YES"
    },
    {
        "test_case": "EXIST2025",
        "id": "420280",
        "value": "YES"
    },
    {
        "test_case": "EXIST2025",
        "id": "420281",
        "value": "YES"
    },
    {
        "test_case": "EXIST2025",
        "id": "420282",
        "value": "NO"
    },
    {
        "test_case": "EXIST2025",
        "id": "420283",
        "value": "YES"
    },
    {
        "test_case": "EXIST2025",
        "id": "420284",
        "value": "YES"
    },
    {
        "test_case": "EXIST2025",
        "id": "420285",
        "value": "NO"
    },
    {
        "test_case": "EXIST2025",
        "id": "420286",
        "value": "NO"
    },
    {
        "test_case": "EXIST2025",
        "id": "420287",
        "value": "YES"
    },
    {
        "test_case": "EXIST2025",
        "id": "420288",
        "value": "NO"
    },
    {
        "test_case": "EXIST2025",
        "id": "420289",
        "value": "NO"
    },
    {
        "test_case": "EXIST2025",
        "id": "420290",
        "value": "YES"
    },
    {
        "test_case": "EXIST2025",
        "id": "420291",
        "value": "NO"
    },
    {
        "test_case": "EXIST2025",
        "id": "420292",
        "value": "NO"
    },
    {
        "test_case": "EXIST2025",
        "id": "420293",
        "value": "YES"
    },
    {
        "test_case": "EXIST2025",
        "id": "420294",
        "value": "NO"
    },
    {
        "test_case": "EXIST2025",
        "id": "420295",
        "value": "YES"
    },
    {
        "test_case": "EXIST2025",
        "id": "420296",
        "value": "NO"
    },
    {
        "test_case": "EXIST2025",
        "id": "420297",
        "value": "YES"
    },
    {
        "test_case": "EXIST2025",
        "id": "420298",
        "value": "NO"
    },
    {
        "test_case": "EXIST2025",
        "id": "420299",
        "value": "YES"
    },
    {
        "test_case": "EXIST2025",
        "id": "420300",
        "value": "YES"
    },
    {
        "test_case": "EXIST2025",
        "id": "420301",
        "value": "YES"
    },
    {
        "test_case": "EXIST2025",
        "id": "420302",
        "value": "NO"
    },
    {
        "test_case": "EXIST2025",
        "id": "420303",
        "value": "NO"
    },
    {
        "test_case": "EXIST2025",
        "id": "420304",
        "value": "NO"
    },
    {
        "test_case": "EXIST2025",
        "id": "420305",
        "value": "YES"
    },
    {
        "test_case": "EXIST2025",
        "id": "420306",
        "value": "NO"
    },
    {
        "test_case": "EXIST2025",
        "id": "420307",
        "value": "YES"
    },
    {
        "test_case": "EXIST2025",
        "id": "420308",
        "value": "NO"
    },
    {
        "test_case": "EXIST2025",
        "id": "420309",
        "value": "YES"
    },
    {
        "test_case": "EXIST2025",
        "id": "420310",
        "value": "YES"
    },
    {
        "test_case": "EXIST2025",
        "id": "420311",
        "value": "NO"
    },
    {
        "test_case": "EXIST2025",
        "id": "420312",
        "value": "NO"
    },
    {
        "test_case": "EXIST2025",
        "id": "420313",
        "value": "YES"
    },
    {
        "test_case": "EXIST2025",
        "id": "420314",
        "value": "YES"
    },
    {
        "test_case": "EXIST2025",
        "id": "420315",
        "value": "NO"
    },
    {
        "test_case": "EXIST2025",
        "id": "420316",
        "value": "NO"
    },
    {
        "test_case": "EXIST2025",
        "id": "420317",
        "value": "YES"
    },
    {
        "test_case": "EXIST2025",
        "id": "420318",
        "value": "NO"
    },
    {
        "test_case": "EXIST2025",
        "id": "420319",
        "value": "NO"
    },
    {
        "test_case": "EXIST2025",
        "id": "420320",
        "value": "NO"
    },
    {
        "test_case": "EXIST2025",
        "id": "420321",
        "value": "YES"
    },
    {
        "test_case": "EXIST2025",
        "id": "420322",
        "value": "YES"
    },
    {
        "test_case": "EXIST2025",
        "id": "420323",
        "value": "YES"
    },
    {
        "test_case": "EXIST2025",
        "id": "420324",
        "value": "YES"
    },
    {
        "test_case": "EXIST2025",
        "id": "420325",
        "value": "YES"
    },
    {
        "test_case": "EXIST2025",
        "id": "420326",
        "value": "YES"
    },
    {
        "test_case": "EXIST2025",
        "id": "420327",
        "value": "NO"
    },
    {
        "test_case": "EXIST2025",
        "id": "420328",
        "value": "NO"
    },
    {
        "test_case": "EXIST2025",
        "id": "420329",
        "value": "YES"
    },
    {
        "test_case": "EXIST2025",
        "id": "420330",
        "value": "YES"
    },
    {
        "test_case": "EXIST2025",
        "id": "420331",
        "value": "NO"
    },
    {
        "test_case": "EXIST2025",
        "id": "420332",
        "value": "NO"
    },
    {
        "test_case": "EXIST2025",
        "id": "420333",
        "value": "YES"
    },
    {
        "test_case": "EXIST2025",
        "id": "420334",
        "value": "NO"
    },
    {
        "test_case": "EXIST2025",
        "id": "420335",
        "value": "YES"
    },
    {
        "test_case": "EXIST2025",
        "id": "420336",
        "value": "NO"
    },
    {
        "test_case": "EXIST2025",
        "id": "420337",
        "value": "NO"
    },
    {
        "test_case": "EXIST2025",
        "id": "420338",
        "value": "YES"
    },
    {
        "test_case": "EXIST2025",
        "id": "420339",
        "value": "NO"
    },
    {
        "test_case": "EXIST2025",
        "id": "420340",
        "value": "NO"
    },
    {
        "test_case": "EXIST2025",
        "id": "420341",
        "value": "YES"
    },
    {
        "test_case": "EXIST2025",
        "id": "420342",
        "value": "YES"
    },
    {
        "test_case": "EXIST2025",
        "id": "420343",
        "value": "YES"
    },
    {
        "test_case": "EXIST2025",
        "id": "420344",
        "value": "YES"
    },
    {
        "test_case": "EXIST2025",
        "id": "420345",
        "value": "YES"
    },
    {
        "test_case": "EXIST2025",
        "id": "420346",
        "value": "YES"
    },
    {
        "test_case": "EXIST2025",
        "id": "420347",
        "value": "NO"
    },
    {
        "test_case": "EXIST2025",
        "id": "420348",
        "value": "YES"
    },
    {
        "test_case": "EXIST2025",
        "id": "420349",
        "value": "YES"
    },
    {
        "test_case": "EXIST2025",
        "id": "420350",
        "value": "YES"
    },
    {
        "test_case": "EXIST2025",
        "id": "420351",
        "value": "NO"
    },
    {
        "test_case": "EXIST2025",
        "id": "420352",
        "value": "YES"
    },
    {
        "test_case": "EXIST2025",
        "id": "420353",
        "value": "YES"
    },
    {
        "test_case": "EXIST2025",
        "id": "420354",
        "value": "YES"
    },
    {
        "test_case": "EXIST2025",
        "id": "420355",
        "value": "YES"
    },
    {
        "test_case": "EXIST2025",
        "id": "420356",
        "value": "NO"
    },
    {
        "test_case": "EXIST2025",
        "id": "420357",
        "value": "NO"
    },
    {
        "test_case": "EXIST2025",
        "id": "420358",
        "value": "NO"
    },
    {
        "test_case": "EXIST2025",
        "id": "420359",
        "value": "NO"
    },
    {
        "test_case": "EXIST2025",
        "id": "420360",
        "value": "YES"
    },
    {
        "test_case": "EXIST2025",
        "id": "420361",
        "value": "YES"
    },
    {
        "test_case": "EXIST2025",
        "id": "420362",
        "value": "NO"
    },
    {
        "test_case": "EXIST2025",
        "id": "420363",
        "value": "NO"
    },
    {
        "test_case": "EXIST2025",
        "id": "420364",
        "value": "YES"
    },
    {
        "test_case": "EXIST2025",
        "id": "420365",
        "value": "YES"
    },
    {
        "test_case": "EXIST2025",
        "id": "420366",
        "value": "YES"
    },
    {
        "test_case": "EXIST2025",
        "id": "420367",
        "value": "NO"
    },
    {
        "test_case": "EXIST2025",
        "id": "420368",
        "value": "YES"
    },
    {
        "test_case": "EXIST2025",
        "id": "420369",
        "value": "YES"
    },
    {
        "test_case": "EXIST2025",
        "id": "420370",
        "value": "YES"
    },
    {
        "test_case": "EXIST2025",
        "id": "320281",
        "value": "YES"
    },
    {
        "test_case": "EXIST2025",
        "id": "320282",
        "value": "NO"
    },
    {
        "test_case": "EXIST2025",
        "id": "320283",
        "value": "YES"
    },
    {
        "test_case": "EXIST2025",
        "id": "320284",
        "value": "NO"
    },
    {
        "test_case": "EXIST2025",
        "id": "320285",
        "value": "NO"
    },
    {
        "test_case": "EXIST2025",
        "id": "320286",
        "value": "NO"
    },
    {
        "test_case": "EXIST2025",
        "id": "320287",
        "value": "NO"
    },
    {
        "test_case": "EXIST2025",
        "id": "320288",
        "value": "YES"
    },
    {
        "test_case": "EXIST2025",
        "id": "320289",
        "value": "YES"
    },
    {
        "test_case": "EXIST2025",
        "id": "320290",
        "value": "YES"
    },
    {
        "test_case": "EXIST2025",
        "id": "320291",
        "value": "NO"
    },
    {
        "test_case": "EXIST2025",
        "id": "320292",
        "value": "NO"
    },
    {
        "test_case": "EXIST2025",
        "id": "320293",
        "value": "YES"
    },
    {
        "test_case": "EXIST2025",
        "id": "320294",
        "value": "NO"
    },
    {
        "test_case": "EXIST2025",
        "id": "320295",
        "value": "NO"
    },
    {
        "test_case": "EXIST2025",
        "id": "320296",
        "value": "YES"
    },
    {
        "test_case": "EXIST2025",
        "id": "320297",
        "value": "NO"
    },
    {
        "test_case": "EXIST2025",
        "id": "320298",
        "value": "NO"
    },
    {
        "test_case": "EXIST2025",
        "id": "320299",
        "value": "YES"
    },
    {
        "test_case": "EXIST2025",
        "id": "320300",
        "value": "NO"
    },
    {
        "test_case": "EXIST2025",
        "id": "320301",
        "value": "YES"
    },
    {
        "test_case": "EXIST2025",
        "id": "320302",
        "value": "NO"
    },
    {
        "test_case": "EXIST2025",
        "id": "320303",
        "value": "NO"
    },
    {
        "test_case": "EXIST2025",
        "id": "320304",
        "value": "YES"
    }
]